{"maxx": -117.01960618176219, "maxy": 34.23415294733622, "minx": -117.2250812006314, "miny": 34.08241754878665}